名前,出席,応答
John Smith <john.smith@example.com>,任意,承諾済み
Emily Johnson <emily.johnson@example.com>,任意,承諾済み
Michael Brown <michael.brown@example.com>,任意,承諾済み
Jessica Davis <jessica.davis@example.com>,任意,承諾済み
David Wilson <david.wilson@example.com>,任意,承諾済み
Sarah Miller <sarah.miller@example.com>,任意,承諾済み
Cristiano Ronaldo <cristiano.ronaldo@example.com>,任意,承諾済み
Christopher Moore <christopher.moore@example.com>,任意,承諾済み
Laura Taylor <laura.taylor@example.com>,任意,承諾済み
Daniel Anderson <daniel.anderson@example.com>,任意,承諾済み
Rachel Thomas <rachel.thomas@example.com>,任意,承諾済み
Matthew Jackson <matthew.jackson@example.com>,任意,承諾済み
Jennifer White <jennifer.white@example.com>,任意,承諾済み
Joshua Harris <joshua.harris@example.com>,任意,仮の予定
Megan Martin <megan.martin@example.com>,任意,仮の予定
Andrew Thompson <andrew.thompson@example.com>,任意,仮の予定
Brittany Garcia <brittany.garcia@example.com>,任意,仮の予定
Kevin Lee <kevin.lee@example.com>,任意,応答なし
Stephanie Clark <stephanie.clark@example.com>,任意,応答なし
Brian Rodriguez <brian.rodriguez@example.com>,任意,応答なし
Katherine Lewis <katherine.lewis@example.com>,任意,応答なし
